atom_number,x_pos,y_pos,z_pos,occupancy,gauss_width
1,0,0,0,0.99999,5
2,0,0,4.05,0.99999,5
3,0,4.05,0,0.99999,5
4,0,4.05,4.05,0.99999,5
5,2.025,2.025,0,0.99999,5
6,2.025,0,2.025,0.99999,5
7,2.025,2.025,4.05,0.99999,5
8,2.025,4.05,2.025,0.99999,5
9,4.05,0,0,0.99999,5
10,4.05,0,4.05,0.99999,5
11,4.05,4.05,0,0.99999,5
12,4.05,4.05,4.05,0.99999,5
